Date,TransportType,Route,DepartureTime,ArrivalTime,Passengers,DepartureStation,ArrivalStation,Delay
2023-01-01,Bus,Route_9,19:29,20:02,94,Station_5,Station_11,1
2023-01-01,Train,Route_8,16:52,17:35,23,Station_2,Station_10,1
2023-01-01,Metro,Route_2,14:17,15:14,43,Station_10,Station_19,4
2023-01-01,Bus,Route_9,15:12,16:28,94,Station_8,Station_16,13
2023-01-01,Bus,Route_8,09:10,09:42,93,Station_13,Station_13,8
2023-01-01,Tram,Route_5,10:50,12:54,11,Station_5,Station_18,6
2023-01-01,Train,Route_9,21:42,22:48,78,Station_1,Station_17,5
2023-01-01,Bus,Route_8,22:18,23:55,63,Station_7,Station_16,9
2023-01-01,Metro,Route_10,11:47,13:43,56,Station_1,Station_6,4
2023-01-01,Bus,Route_5,03:38,04:43,21,Station_13,Station_11,6
2023-01-01,Train,Route_7,15:12,17:15,15,Station_17,Station_4,11
2023-01-01,Train,Route_7,05:53,06:45,98,Station_18,Station_7,14
2023-01-01,Tram,Route_3,18:55,19:59,53,Station_4,Station_11,7
2023-01-01,Metro,Route_8,08:48,10:47,57,Station_7,Station_5,0
2023-01-01,Bus,Route_9,07:42,09:15,36,Station_11,Station_19,4
2023-01-01,Tram,Route_2,06:41,08:23,38,Station_18,Station_15,6
2023-01-01,Metro,Route_4,06:41,08:16,52,Station_12,Station_18,13
2023-01-01,Tram,Route_4,07:20,08:23,53,Station_15,Station_16,6
2023-01-01,Metro,Route_6,06:39,07:00,25,Station_4,Station_19,9
2023-01-01,Train,Route_6,08:55,10:39,38,Station_5,Station_3,6
2023-01-01,Metro,Route_1,08:40,09:53,69,Station_17,Station_8,2
2023-01-01,Bus,Route_4,21:54,22:57,41,Station_5,Station_8,11
2023-01-01,Bus,Route_5,03:54,05:02,23,Station_4,Station_20,2
2023-01-01,Tram,Route_9,15:07,15:34,93,Station_7,Station_6,8
2023-01-01,Bus,Route_8,03:45,03:50,88,Station_9,Station_12,3
2023-01-01,Bus,Route_2,14:42,15:22,57,Station_8,Station_20,2
2023-01-01,Bus,Route_9,18:45,20:06,10,Station_14,Station_17,9
2023-01-01,Tram,Route_2,13:01,14:09,14,Station_7,Station_11,10
2023-01-01,Train,Route_9,13:41,15:04,41,Station_15,Station_9,11
2023-01-01,Metro,Route_6,20:24,22:22,11,Station_5,Station_5,15
2023-01-01,Tram,Route_10,09:34,11:12,26,Station_12,Station_19,9
2023-01-01,Train,Route_4,17:06,17:44,72,Station_17,Station_11,0
2023-01-02,Bus,Route_4,18:56,21:38,5,Station_8,Station_5,55
2023-01-02,Train,Route_3,16:28,17:00,40,Station_14,Station_11,19
2023-01-02,Bus,Route_10,13:00,14:28,31,Station_17,Station_18,65
2023-01-02,Train,Route_4,07:31,09:26,7,Station_12,Station_5,60
2023-01-02,Train,Route_1,16:31,18:13,14,Station_7,Station_3,47
2023-01-02,Tram,Route_1,06:51,08:38,63,Station_16,Station_16,32
2023-01-02,Metro,Route_7,17:42,20:17,15,Station_3,Station_7,38
2023-01-02,Metro,Route_8,13:37,15:59,77,Station_7,Station_4,66
2023-01-02,Train,Route_1,22:26,23:52,80,Station_14,Station_19,72
2023-01-02,Tram,Route_4,15:38,17:32,23,Station_4,Station_9,51
2023-01-02,Bus,Route_1,05:48,07:23,15,Station_19,Station_4,46
2023-01-02,Tram,Route_1,12:35,13:57,5,Station_8,Station_13,60
2023-01-02,Metro,Route_1,15:08,17:41,7,Station_9,Station_8,56
2023-01-02,Tram,Route_1,10:12,11:46,20,Station_13,Station_1,18
2023-01-02,Tram,Route_5,17:16,19:42,45,Station_4,Station_3,34
2023-01-02,Bus,Route_3,16:30,18:29,23,Station_8,Station_19,62
2023-01-02,Train,Route_4,20:41,21:36,70,Station_10,Station_18,23
2023-01-02,Train,Route_5,10:07,11:50,43,Station_14,Station_20,41
2023-01-02,Bus,Route_2,09:18,11:13,86,Station_18,Station_1,50
2023-01-02,Metro,Route_4,13:51,15:09,26,Station_8,Station_7,29
2023-01-02,Tram,Route_3,12:28,14:51,86,Station_19,Station_7,49
2023-01-02,Metro,Route_10,22:57,23:37,68,Station_16,Station_12,37
2023-01-02,Metro,Route_6,13:44,16:02,77,Station_16,Station_10,40
2023-01-02,Bus,Route_5,16:30,17:14,86,Station_5,Station_15,30
2023-01-02,Train,Route_3,21:08,22:47,83,Station_7,Station_5,41
2023-01-02,Train,Route_5,06:30,09:04,18,Station_20,Station_17,70
2023-01-02,Bus,Route_7,22:05,24:17,18,Station_3,Station_12,41
2023-01-02,Metro,Route_5,18:59,20:41,24,Station_19,Station_13,26
2023-01-02,Metro,Route_6,07:18,08:31,59,Station_15,Station_8,50
2023-01-02,Metro,Route_6,18:26,21:03,45,Station_9,Station_14,39
2023-01-02,Tram,Route_10,06:38,09:02,38,Station_19,Station_13,33
2023-01-02,Tram,Route_7,08:16,10:25,88,Station_18,Station_2,37
2023-01-03,Tram,Route_4,07:12,08:13,57,Station_7,Station_16,0
2023-01-03,Tram,Route_8,05:44,06:47,39,Station_3,Station_12,3
2023-01-03,Train,Route_6,10:50,12:13,99,Station_19,Station_11,14
2023-01-03,Train,Route_4,20:27,20:50,69,Station_6,Station_11,9
2023-01-03,Bus,Route_3,17:31,18:14,94,Station_18,Station_3,6
2023-01-03,Metro,Route_10,08:32,09:03,77,Station_11,Station_11,8
2023-01-03,Bus,Route_7,15:23,16:49,26,Station_8,Station_19,8
2023-01-03,Metro,Route_7,16:51,18:26,86,Station_19,Station_1,14
2023-01-03,Tram,Route_10,11:18,12:14,36,Station_1,Station_15,1
2023-01-03,Train,Route_9,07:32,07:37,13,Station_19,Station_9,3
2023-01-03,Metro,Route_3,07:15,07:37,86,Station_8,Station_17,9
2023-01-03,Bus,Route_10,20:03,20:24,32,Station_20,Station_7,0
2023-01-03,Train,Route_5,15:20,17:07,16,Station_7,Station_6,12
2023-01-03,Bus,Route_1,08:45,09:13,18,Station_18,Station_19,11
2023-01-03,Metro,Route_5,14:56,15:44,49,Station_19,Station_15,0
2023-01-03,Train,Route_10,22:27,23:08,5,Station_13,Station_10,8
2023-01-03,Bus,Route_1,13:29,13:48,91,Station_14,Station_1,15
2023-01-03,Metro,Route_6,05:27,07:25,18,Station_5,Station_17,8
2023-01-03,Bus,Route_4,13:53,14:07,83,Station_19,Station_1,1
2023-01-03,Bus,Route_2,21:43,21:56,97,Station_14,Station_12,3
2023-01-03,Tram,Route_3,12:53,14:02,8,Station_9,Station_5,8
2023-01-03,Tram,Route_3,19:54,20:53,39,Station_6,Station_10,1
2023-01-03,Tram,Route_2,09:11,09:38,58,Station_10,Station_15,3
2023-01-03,Train,Route_9,05:33,06:32,1,Station_7,Station_14,12
2023-01-03,Bus,Route_7,15:25,16:36,81,Station_1,Station_7,0
2023-01-03,Metro,Route_10,21:09,21:57,35,Station_3,Station_2,13
2023-01-03,Metro,Route_6,12:32,13:58,35,Station_20,Station_9,12
2023-01-03,Metro,Route_7,19:45,21:36,98,Station_12,Station_6,5
2023-01-03,Bus,Route_7,11:16,11:43,82,Station_7,Station_13,0
2023-01-03,Train,Route_3,15:27,16:20,36,Station_16,Station_6,10
2023-01-03,Tram,Route_5,09:21,10:04,28,Station_7,Station_10,15
2023-01-03,Train,Route_3,15:32,17:34,62,Station_13,Station_3,8
2023-01-04,Metro,Route_10,17:30,19:20,74,Station_4,Station_4,1
2023-01-04,Train,Route_4,12:27,13:43,79,Station_16,Station_12,6
2023-01-04,Bus,Route_7,11:39,12:18,31,Station_10,Station_20,3
2023-01-04,Bus,Route_1,10:37,11:08,77,Station_12,Station_16,9
2023-01-04,Metro,Route_5,15:36,17:06,32,Station_17,Station_17,8
2023-01-04,Tram,Route_3,17:47,18:42,76,Station_10,Station_17,12
2023-01-04,Metro,Route_2,08:53,09:44,22,Station_6,Station_18,14
2023-01-04,Train,Route_9,11:01,12:11,14,Station_3,Station_4,11
2023-01-04,Tram,Route_8,20:09,20:45,1,Station_19,Station_11,14
2023-01-04,Bus,Route_5,20:33,21:20,72,Station_9,Station_19,2
2023-01-04,Metro,Route_9,15:16,16:12,41,Station_7,Station_6,2
2023-01-04,Metro,Route_8,22:44,24:06,57,Station_8,Station_1,11
2023-01-04,Bus,Route_4,06:38,07:59,44,Station_18,Station_17,11
2023-01-04,Train,Route_10,11:37,12:32,61,Station_5,Station_10,14
2023-01-04,Bus,Route_10,21:09,22:02,22,Station_6,Station_1,0
2023-01-04,Tram,Route_9,15:15,15:30,12,Station_3,Station_3,10
2023-01-04,Train,Route_9,17:05,18:11,100,Station_13,Station_3,12
2023-01-04,Bus,Route_8,06:40,07:37,18,Station_14,Station_12,11
2023-01-04,Tram,Route_2,21:49,23:34,11,Station_3,Station_12,5
2023-01-04,Metro,Route_6,20:51,21:47,35,Station_8,Station_11,2
2023-01-04,Metro,Route_3,06:04,07:31,82,Station_14,Station_17,12
2023-01-04,Tram,Route_10,08:22,09:06,25,Station_8,Station_20,2
2023-01-04,Metro,Route_6,11:54,12:52,48,Station_9,Station_5,1
2023-01-04,Metro,Route_6,10:02,11:44,68,Station_13,Station_19,5
2023-01-04,Metro,Route_1,19:52,21:12,79,Station_8,Station_12,5
2023-01-04,Tram,Route_4,22:41,24:20,43,Station_19,Station_6,8
2023-01-04,Tram,Route_3,17:42,18:43,1,Station_10,Station_2,11
2023-01-04,Train,Route_6,08:25,09:08,51,Station_10,Station_11,13
2023-01-04,Train,Route_2,05:15,06:50,20,Station_17,Station_9,12
2023-01-04,Metro,Route_5,06:35,07:58,75,Station_20,Station_8,14
2023-01-04,Bus,Route_3,08:15,09:26,38,Station_2,Station_7,7
2023-01-04,Train,Route_7,21:56,23:03,73,Station_12,Station_15,0
2023-01-05,Tram,Route_4,12:25,13:06,94,Station_10,Station_15,7
2023-01-05,Bus,Route_4,07:42,08:17,29,Station_19,Station_10,13
2023-01-05,Train,Route_9,16:25,16:56,16,Station_17,Station_10,11
2023-01-05,Metro,Route_8,08:55,09:45,82,Station_9,Station_13,14
2023-01-05,Metro,Route_7,12:54,13:45,38,Station_12,Station_20,7
2023-01-05,Metro,Route_9,08:12,10:14,81,Station_15,Station_16,4
2023-01-05,Bus,Route_7,06:36,08:38,76,Station_3,Station_14,13
2023-01-05,Bus,Route_1,13:35,14:38,36,Station_19,Station_5,11
2023-01-05,Tram,Route_10,07:04,07:26,14,Station_4,Station_12,2
2023-01-05,Bus,Route_3,21:06,22:28,35,Station_3,Station_11,14
2023-01-05,Train,Route_2,08:44,10:30,72,Station_19,Station_9,6
2023-01-05,Metro,Route_3,22:21,22:42,47,Station_8,Station_12,0
2023-01-05,Bus,Route_9,19:57,21:54,57,Station_11,Station_13,11
2023-01-05,Train,Route_5,17:29,19:06,79,Station_16,Station_15,13
2023-01-05,Metro,Route_5,05:54,06:38,87,Station_18,Station_6,7
2023-01-05,Metro,Route_10,08:26,09:27,96,Station_2,Station_15,7
2023-01-05,Tram,Route_5,06:26,06:58,85,Station_14,Station_17,2
2023-01-05,Metro,Route_7,07:14,09:14,92,Station_4,Station_15,4
2023-01-05,Bus,Route_8,08:24,09:51,64,Station_5,Station_14,9
2023-01-05,Tram,Route_6,19:58,20:12,4,Station_9,Station_20,11
2023-01-05,Metro,Route_7,16:13,16:59,82,Station_15,Station_7,7
2023-01-05,Tram,Route_9,19:41,20:50,44,Station_15,Station_7,3
2023-01-05,Tram,Route_9,16:13,17:54,95,Station_18,Station_20,11
2023-01-05,Tram,Route_8,17:35,18:49,32,Station_9,Station_6,1
2023-01-05,Metro,Route_3,08:50,10:40,30,Station_11,Station_3,7
2023-01-05,Train,Route_4,21:49,22:49,25,Station_10,Station_5,8
2023-01-05,Bus,Route_4,17:12,17:29,36,Station_12,Station_16,3
2023-01-05,Metro,Route_8,11:35,12:47,78,Station_6,Station_8,0
2023-01-05,Metro,Route_6,15:32,17:01,93,Station_4,Station_13,8
2023-01-05,Train,Route_7,06:58,07:22,60,Station_8,Station_4,1
2023-01-05,Metro,Route_10,20:08,20:52,59,Station_13,Station_2,3
2023-01-05,Train,Route_9,14:07,16:01,36,Station_16,Station_2,11
2023-01-06,Metro,Route_3,05:32,07:26,4,Station_20,Station_3,1
2023-01-06,Train,Route_9,10:48,11:35,75,Station_19,Station_4,4
2023-01-06,Bus,Route_3,06:45,06:53,17,Station_4,Station_2,4
2023-01-06,Train,Route_1,14:00,15:06,5,Station_19,Station_3,5
2023-01-06,Train,Route_7,05:19,06:24,10,Station_16,Station_2,8
2023-01-06,Bus,Route_3,14:57,16:04,49,Station_15,Station_5,9
2023-01-06,Train,Route_5,20:00,22:00,17,Station_17,Station_8,13
2023-01-06,Train,Route_4,12:30,12:58,78,Station_8,Station_19,3
2023-01-06,Train,Route_3,09:45,10:44,54,Station_1,Station_4,15
2023-01-06,Metro,Route_9,05:03,05:59,50,Station_19,Station_17,3
2023-01-06,Train,Route_7,11:12,12:00,27,Station_19,Station_20,10
2023-01-06,Train,Route_8,16:24,18:00,16,Station_13,Station_12,11
2023-01-06,Tram,Route_2,08:50,10:23,82,Station_14,Station_11,10
2023-01-06,Metro,Route_6,10:34,11:25,3,Station_12,Station_8,11
2023-01-06,Bus,Route_7,07:47,08:57,11,Station_19,Station_7,3
2023-01-06,Train,Route_7,06:22,08:21,86,Station_7,Station_10,15
2023-01-06,Train,Route_9,17:35,17:59,6,Station_9,Station_13,0
2023-01-06,Metro,Route_3,18:46,19:11,13,Station_13,Station_8,5
2023-01-06,Tram,Route_2,09:07,10:03,72,Station_7,Station_7,7
2023-01-06,Metro,Route_7,16:25,17:54,57,Station_11,Station_17,9
2023-01-06,Tram,Route_9,09:23,10:15,100,Station_1,Station_10,1
2023-01-06,Metro,Route_2,22:34,23:35,61,Station_11,Station_12,8
2023-01-06,Train,Route_5,11:40,12:39,4,Station_10,Station_3,3
2023-01-06,Train,Route_6,05:08,05:10,48,Station_18,Station_12,0
2023-01-06,Metro,Route_7,21:41,23:32,48,Station_15,Station_1,9
2023-01-06,Bus,Route_8,21:58,22:51,14,Station_20,Station_6,11
2023-01-06,Metro,Route_4,18:57,19:41,93,Station_13,Station_16,7
2023-01-06,Tram,Route_6,09:31,09:56,20,Station_19,Station_14,0
2023-01-06,Bus,Route_7,09:52,10:49,66,Station_13,Station_5,4
2023-01-06,Bus,Route_6,09:51,10:45,40,Station_6,Station_18,4
2023-01-06,Metro,Route_7,07:59,08:55,90,Station_15,Station_14,3
2023-01-06,Train,Route_6,09:56,11:58,30,Station_19,Station_6,13
2023-01-07,Tram,Route_5,20:46,22:14,33,Station_2,Station_18,3
2023-01-07,Metro,Route_10,14:27,15:25,72,Station_2,Station_15,5
2023-01-07,Tram,Route_6,16:28,16:51,62,Station_9,Station_19,7
2023-01-07,Tram,Route_10,21:06,21:53,59,Station_8,Station_19,1
2023-01-07,Metro,Route_4,17:36,19:05,76,Station_8,Station_5,15
2023-01-07,Bus,Route_6,17:45,17:51,53,Station_13,Station_16,1
2023-01-07,Tram,Route_4,18:59,19:53,1,Station_4,Station_14,14
2023-01-07,Train,Route_8,17:02,17:17,83,Station_3,Station_12,12
2023-01-07,Tram,Route_9,18:26,19:24,62,Station_8,Station_17,8
2023-01-07,Bus,Route_2,21:36,23:49,67,Station_1,Station_6,15
2023-01-07,Metro,Route_7,08:42,09:54,42,Station_13,Station_15,14
2023-01-07,Bus,Route_6,06:41,08:49,82,Station_17,Station_1,10
2023-01-07,Train,Route_9,07:58,09:37,93,Station_17,Station_1,3
2023-01-07,Bus,Route_5,11:50,13:52,83,Station_10,Station_20,11
2023-01-07,Bus,Route_1,15:26,17:06,8,Station_9,Station_14,9
2023-01-07,Train,Route_1,13:26,14:52,43,Station_14,Station_9,15
2023-01-07,Metro,Route_8,20:52,21:45,78,Station_2,Station_4,11
2023-01-07,Bus,Route_9,20:23,21:08,64,Station_13,Station_16,1
2023-01-07,Tram,Route_2,18:27,19:45,54,Station_18,Station_3,9
2023-01-07,Metro,Route_6,22:20,23:53,89,Station_7,Station_15,13
2023-01-07,Metro,Route_10,18:06,19:02,59,Station_1,Station_13,1
2023-01-07,Train,Route_5,09:23,09:46,23,Station_15,Station_5,3
2023-01-07,Metro,Route_4,13:05,14:22,79,Station_13,Station_4,8
2023-01-07,Bus,Route_10,07:30,07:58,53,Station_20,Station_15,14
2023-01-07,Metro,Route_7,05:32,06:22,14,Station_18,Station_1,6
2023-01-07,Metro,Route_5,20:39,21:07,69,Station_8,Station_6,10
2023-01-07,Tram,Route_6,14:00,15:40,22,Station_14,Station_18,7
2023-01-07,Tram,Route_10,22:12,23:00,46,Station_14,Station_18,10
2023-01-07,Bus,Route_9,11:10,12:03,45,Station_10,Station_1,4
2023-01-07,Metro,Route_5,19:10,19:39,11,Station_11,Station_3,14
2023-01-07,Bus,Route_4,17:37,18:25,52,Station_12,Station_12,7
2023-01-07,Tram,Route_7,05:49,06:28,6,Station_10,Station_14,14
2023-01-08,Tram,Route_1,19:29,21:26,40,Station_11,Station_13,47
2023-01-08,Tram,Route_10,19:09,21:42,23,Station_20,Station_11,45
2023-01-08,Train,Route_3,21:11,23:45,6,Station_11,Station_1,43
2023-01-08,Bus,Route_10,21:32,22:46,28,Station_14,Station_15,33
2023-01-08,Metro,Route_3,10:41,13:18,76,Station_7,Station_4,52
2023-01-08,Train,Route_6,05:26,08:15,9,Station_6,Station_11,67
2023-01-08,Tram,Route_1,06:54,08:39,20,Station_9,Station_2,13
2023-01-08,Metro,Route_8,07:19,09:31,85,Station_12,Station_9,36
2023-01-08,Train,Route_10,10:36,13:06,55,Station_5,Station_8,39
2023-01-08,Metro,Route_5,05:56,08:00,66,Station_11,Station_5,71
2023-01-08,Train,Route_6,13:25,16:13,99,Station_19,Station_9,55
2023-01-08,Metro,Route_9,13:21,15:17,84,Station_9,Station_5,44
2023-01-08,Train,Route_3,16:08,17:57,30,Station_9,Station_4,40
2023-01-08,Train,Route_9,19:41,20:56,76,Station_11,Station_11,60
2023-01-08,Tram,Route_3,15:07,16:22,49,Station_8,Station_6,23
2023-01-08,Tram,Route_8,20:55,23:49,81,Station_16,Station_10,56
2023-01-08,Metro,Route_2,09:59,11:23,70,Station_2,Station_5,57
2023-01-08,Bus,Route_3,20:35,22:41,82,Station_20,Station_7,29
2023-01-08,Train,Route_8,05:53,08:14,36,Station_6,Station_13,26
2023-01-08,Metro,Route_6,05:21,06:11,85,Station_9,Station_4,23
2023-01-08,Bus,Route_2,14:08,16:31,63,Station_6,Station_2,34
2023-01-08,Bus,Route_6,16:36,19:07,51,Station_10,Station_11,43
2023-01-08,Metro,Route_10,06:11,08:00,78,Station_19,Station_11,44
2023-01-08,Metro,Route_6,06:49,08:17,70,Station_5,Station_5,42
2023-01-08,Metro,Route_5,18:30,19:31,4,Station_8,Station_13,50
2023-01-08,Train,Route_2,21:51,22:32,27,Station_2,Station_18,25
2023-01-08,Tram,Route_8,14:33,15:46,82,Station_7,Station_10,24
2023-01-08,Metro,Route_4,12:34,13:36,99,Station_2,Station_16,34
2023-01-08,Train,Route_5,13:14,15:45,12,Station_2,Station_14,60
2023-01-08,Bus,Route_2,06:38,08:21,32,Station_14,Station_10,54
2023-01-08,Bus,Route_1,07:50,09:22,82,Station_18,Station_9,58
2023-01-08,Tram,Route_4,16:14,17:16,100,Station_4,Station_13,60
2023-01-09,Train,Route_1,06:04,06:31,74,Station_17,Station_17,12
2023-01-09,Tram,Route_2,16:31,18:07,17,Station_3,Station_16,15
2023-01-09,Train,Route_5,18:37,19:24,61,Station_7,Station_9,2
2023-01-09,Metro,Route_7,19:00,21:00,82,Station_19,Station_6,8
2023-01-09,Metro,Route_1,09:05,10:02,61,Station_20,Station_16,5
2023-01-09,Metro,Route_10,13:49,14:37,2,Station_14,Station_17,6
2023-01-09,Tram,Route_2,06:21,06:53,27,Station_14,Station_13,13
2023-01-09,Train,Route_7,12:21,13:03,78,Station_16,Station_17,10
2023-01-09,Tram,Route_10,17:06,18:11,95,Station_4,Station_7,6
2023-01-09,Tram,Route_2,08:32,09:09,67,Station_4,Station_2,15
2023-01-09,Metro,Route_9,15:15,15:38,48,Station_2,Station_18,7
2023-01-09,Train,Route_6,19:41,20:02,87,Station_20,Station_20,2
2023-01-09,Train,Route_2,15:12,16:09,79,Station_1,Station_4,1
2023-01-09,Tram,Route_10,10:04,11:54,75,Station_6,Station_9,1
2023-01-09,Bus,Route_5,12:23,12:47,60,Station_8,Station_10,11
2023-01-09,Bus,Route_8,08:13,08:33,25,Station_19,Station_19,9
2023-01-09,Bus,Route_10,15:24,17:28,57,Station_20,Station_9,14
2023-01-09,Train,Route_1,15:27,17:30,47,Station_1,Station_11,11
2023-01-09,Tram,Route_10,08:18,10:22,33,Station_1,Station_4,5
2023-01-09,Metro,Route_9,20:33,22:46,66,Station_1,Station_5,15
2023-01-09,Metro,Route_6,21:25,23:29,49,Station_6,Station_8,10
2023-01-09,Metro,Route_3,11:46,11:49,94,Station_1,Station_1,1
2023-01-09,Metro,Route_10,11:42,12:17,35,Station_19,Station_10,15
2023-01-09,Tram,Route_4,16:33,17:24,24,Station_9,Station_4,13
2023-01-09,Bus,Route_1,17:40,18:28,29,Station_5,Station_1,0
2023-01-09,Train,Route_1,20:20,20:38,26,Station_2,Station_16,13
2023-01-09,Bus,Route_8,19:19,20:38,63,Station_3,Station_8,9
2023-01-09,Metro,Route_4,07:52,09:12,41,Station_19,Station_12,3
2023-01-09,Metro,Route_4,08:20,08:47,68,Station_8,Station_14,12
2023-01-09,Bus,Route_3,18:20,19:16,89,Station_13,Station_6,3
2023-01-09,Metro,Route_4,07:54,09:52,62,Station_17,Station_20,13
2023-01-09,Metro,Route_5,14:46,16:45,40,Station_11,Station_6,11
2023-01-10,Bus,Route_1,22:35,24:43,14,Station_1,Station_16,9
2023-01-10,Metro,Route_3,10:24,11:45,52,Station_10,Station_16,2
2023-01-10,Train,Route_6,07:12,07:49,54,Station_9,Station_17,0
2023-01-10,Metro,Route_4,17:55,18:41,89,Station_4,Station_4,13
2023-01-10,Tram,Route_4,07:25,07:59,93,Station_18,Station_8,7
2023-01-10,Metro,Route_1,15:44,16:23,63,Station_12,Station_15,0
2023-01-10,Train,Route_3,07:03,07:26,86,Station_16,Station_7,13
2023-01-10,Train,Route_1,08:36,10:15,12,Station_9,Station_8,9
2023-01-10,Bus,Route_5,08:43,10:15,29,Station_13,Station_6,4
2023-01-10,Bus,Route_5,15:03,15:59,84,Station_14,Station_19,4
2023-01-10,Train,Route_10,20:16,21:57,1,Station_7,Station_12,6
2023-01-10,Tram,Route_8,20:05,21:39,77,Station_7,Station_6,2
2023-01-10,Train,Route_1,08:39,08:58,54,Station_5,Station_3,9
2023-01-10,Train,Route_3,19:31,20:22,83,Station_20,Station_11,6
2023-01-10,Bus,Route_3,14:26,15:53,87,Station_16,Station_3,4
2023-01-10,Train,Route_1,20:21,21:48,51,Station_4,Station_2,12
2023-01-10,Train,Route_5,15:20,16:25,88,Station_19,Station_16,1
2023-01-10,Bus,Route_10,14:56,16:32,7,Station_4,Station_17,6
2023-01-10,Bus,Route_8,10:10,10:41,26,Station_18,Station_20,5
2023-01-10,Metro,Route_10,11:50,13:12,45,Station_20,Station_12,3
2023-01-10,Train,Route_10,06:21,07:01,18,Station_2,Station_2,4
2023-01-10,Train,Route_3,05:23,06:48,63,Station_7,Station_5,13
2023-01-10,Metro,Route_1,13:36,15:07,40,Station_16,Station_6,15
2023-01-10,Bus,Route_7,09:19,11:32,22,Station_4,Station_14,15
2023-01-10,Metro,Route_5,18:00,18:44,100,Station_3,Station_2,14
2023-01-10,Bus,Route_7,22:27,24:01,25,Station_3,Station_10,4
2023-01-10,Metro,Route_9,10:29,10:53,88,Station_11,Station_12,13
2023-01-10,Train,Route_1,15:04,15:57,13,Station_20,Station_15,1
2023-01-10,Metro,Route_8,15:23,17:26,77,Station_1,Station_16,3
2023-01-10,Tram,Route_10,10:25,12:16,55,Station_10,Station_2,11
2023-01-10,Train,Route_10,14:57,15:08,82,Station_11,Station_11,10
2023-01-10,Metro,Route_8,10:15,10:51,67,Station_7,Station_14,15
2023-01-11,Metro,Route_10,13:30,15:34,13,Station_5,Station_17,7
2023-01-11,Tram,Route_5,10:46,11:13,24,Station_4,Station_14,13
2023-01-11,Train,Route_5,09:48,11:37,96,Station_9,Station_14,0
2023-01-11,Bus,Route_2,16:38,17:11,97,Station_17,Station_6,4
2023-01-11,Metro,Route_1,10:17,11:32,43,Station_4,Station_12,7
2023-01-11,Metro,Route_8,12:55,14:37,4,Station_1,Station_8,6
2023-01-11,Metro,Route_7,07:26,07:54,67,Station_12,Station_3,8
2023-01-11,Bus,Route_9,06:25,08:02,42,Station_2,Station_20,6
2023-01-11,Metro,Route_1,06:40,07:02,94,Station_18,Station_20,0
2023-01-11,Train,Route_6,06:16,07:11,35,Station_11,Station_1,15
2023-01-11,Tram,Route_5,11:28,11:38,77,Station_15,Station_12,0
2023-01-11,Train,Route_2,07:34,08:01,89,Station_18,Station_17,2
2023-01-11,Tram,Route_8,06:27,06:59,68,Station_14,Station_12,12
2023-01-11,Metro,Route_9,13:54,15:01,81,Station_11,Station_18,1
2023-01-11,Train,Route_9,10:32,12:31,3,Station_10,Station_18,10
2023-01-11,Train,Route_10,20:05,21:25,76,Station_15,Station_7,1
2023-01-11,Bus,Route_2,21:37,23:45,64,Station_19,Station_20,11
2023-01-11,Bus,Route_7,09:35,11:27,42,Station_5,Station_12,7
2023-01-11,Train,Route_1,12:57,14:41,59,Station_2,Station_9,3
2023-01-11,Train,Route_7,07:45,08:56,87,Station_10,Station_7,12
2023-01-11,Metro,Route_10,05:54,07:37,69,Station_15,Station_5,13
2023-01-11,Metro,Route_3,14:21,15:52,40,Station_8,Station_4,5
2023-01-11,Bus,Route_9,08:14,09:12,83,Station_4,Station_16,8
2023-01-11,Metro,Route_9,11:49,12:43,18,Station_3,Station_15,3
2023-01-11,Tram,Route_3,10:33,10:59,82,Station_3,Station_13,12
2023-01-11,Train,Route_10,10:22,12:08,19,Station_12,Station_18,2
2023-01-11,Tram,Route_2,17:14,18:42,52,Station_19,Station_17,4
2023-01-11,Bus,Route_2,11:24,12:50,13,Station_10,Station_10,2
2023-01-11,Bus,Route_7,15:50,16:27,23,Station_7,Station_8,2
2023-01-11,Bus,Route_4,21:37,23:21,66,Station_3,Station_3,11
2023-01-11,Train,Route_10,16:02,17:16,1,Station_9,Station_14,15
2023-01-11,Bus,Route_7,13:51,15:27,11,Station_3,Station_16,14
2023-01-12,Train,Route_6,21:34,22:22,14,Station_17,Station_6,11
2023-01-12,Bus,Route_7,09:11,10:37,79,Station_7,Station_18,7
2023-01-12,Metro,Route_10,06:54,08:26,50,Station_14,Station_5,1
2023-01-12,Tram,Route_10,08:35,10:37,17,Station_16,Station_9,7
2023-01-12,Train,Route_3,16:38,18:01,12,Station_9,Station_12,13
2023-01-12,Metro,Route_7,21:46,22:17,37,Station_14,Station_6,10
2023-01-12,Tram,Route_3,22:18,23:11,34,Station_16,Station_6,6
2023-01-12,Metro,Route_8,14:32,15:35,70,Station_18,Station_2,7
2023-01-12,Metro,Route_5,08:13,08:56,56,Station_20,Station_18,6
2023-01-12,Tram,Route_5,19:08,20:10,59,Station_19,Station_10,0
2023-01-12,Train,Route_7,07:48,09:45,39,Station_9,Station_1,2
2023-01-12,Bus,Route_7,16:08,17:34,94,Station_14,Station_4,14
2023-01-12,Bus,Route_5,20:57,21:32,56,Station_14,Station_19,10
2023-01-12,Tram,Route_10,13:41,14:18,42,Station_10,Station_4,7
2023-01-12,Bus,Route_1,14:52,15:00,2,Station_19,Station_16,4
2023-01-12,Metro,Route_7,18:55,20:21,84,Station_12,Station_7,5
2023-01-12,Train,Route_8,09:13,11:10,31,Station_7,Station_17,6
2023-01-12,Train,Route_3,14:20,16:00,69,Station_13,Station_17,6
2023-01-12,Metro,Route_8,10:37,11:59,94,Station_3,Station_12,7
2023-01-12,Bus,Route_10,13:55,14:30,5,Station_8,Station_14,10
2023-01-12,Train,Route_7,18:55,19:55,64,Station_10,Station_10,14
2023-01-12,Bus,Route_10,13:40,15:37,59,Station_17,Station_10,5
2023-01-12,Tram,Route_9,07:59,08:49,98,Station_12,Station_1,15
2023-01-12,Metro,Route_9,10:52,12:26,56,Station_7,Station_8,5
2023-01-12,Bus,Route_2,18:48,19:31,21,Station_13,Station_6,15
2023-01-12,Metro,Route_1,17:56,19:32,68,Station_7,Station_11,3
2023-01-12,Train,Route_10,15:08,16:55,21,Station_9,Station_9,9
2023-01-12,Metro,Route_2,08:44,09:11,61,Station_18,Station_11,1
2023-01-12,Bus,Route_2,08:12,08:48,23,Station_9,Station_2,15
2023-01-12,Bus,Route_5,03:04,03:28,90,Station_20,Station_2,1
2023-01-12,Tram,Route_2,14:57,16:54,65,Station_9,Station_18,1
2023-01-12,Train,Route_7,12:32,13:21,9,Station_14,Station_15,14
2023-01-13,Bus,Route_10,14:21,14:37,60,Station_1,Station_11,4
2023-01-13,Tram,Route_4,14:17,16:13,26,Station_11,Station_9,3
2023-01-13,Metro,Route_9,10:31,12:15,67,Station_10,Station_12,1
2023-01-13,Bus,Route_2,12:54,14:52,2,Station_11,Station_5,4
2023-01-13,Metro,Route_9,11:52,12:24,3,Station_12,Station_7,1
2023-01-13,Tram,Route_2,06:15,07:37,52,Station_17,Station_1,9
2023-01-13,Metro,Route_4,11:48,12:08,75,Station_6,Station_2,3
2023-01-13,Bus,Route_1,11:15,11:49,11,Station_4,Station_17,11
2023-01-13,Train,Route_8,18:24,18:38,92,Station_17,Station_6,12
2023-01-13,Train,Route_6,17:03,18:38,66,Station_3,Station_3,8
2023-01-13,Bus,Route_3,20:53,21:38,90,Station_20,Station_7,15
2023-01-13,Tram,Route_5,11:39,13:00,1,Station_19,Station_15,14
2023-01-13,Metro,Route_7,14:33,14:48,95,Station_12,Station_10,14
2023-01-13,Metro,Route_7,07:20,09:12,38,Station_14,Station_18,3
2023-01-13,Tram,Route_2,07:41,09:40,53,Station_7,Station_11,0
2023-01-13,Bus,Route_6,08:20,08:48,64,Station_15,Station_10,15
2023-01-13,Metro,Route_3,07:50,08:38,4,Station_18,Station_6,1
2023-01-13,Bus,Route_9,17:32,18:07,96,Station_9,Station_1,6
2023-01-13,Bus,Route_9,13:31,15:28,48,Station_5,Station_20,11
2023-01-13,Tram,Route_3,06:41,08:35,19,Station_12,Station_5,1
2023-01-13,Bus,Route_2,22:53,24:48,39,Station_17,Station_11,7
2023-01-13,Bus,Route_7,05:42,07:34,12,Station_18,Station_16,4
2023-01-13,Metro,Route_2,21:08,21:16,47,Station_18,Station_1,5
2023-01-13,Metro,Route_3,15:26,17:29,29,Station_19,Station_17,9
2023-01-13,Bus,Route_8,10:55,13:09,58,Station_19,Station_15,15
2023-01-13,Bus,Route_2,08:31,09:19,65,Station_17,Station_16,14
2023-01-13,Train,Route_8,19:32,20:04,62,Station_13,Station_4,7
2023-01-13,Metro,Route_8,20:40,22:42,49,Station_6,Station_5,11
2023-01-13,Metro,Route_2,14:39,15:11,95,Station_13,Station_12,8
2023-01-13,Train,Route_5,22:24,24:16,91,Station_8,Station_11,0
2023-01-13,Metro,Route_7,10:58,12:19,9,Station_6,Station_4,6
2023-01-13,Bus,Route_7,11:41,12:16,100,Station_2,Station_6,0
2023-01-14,Metro,Route_5,14:54,15:30,86,Station_18,Station_13,13
2023-01-14,Tram,Route_8,10:41,11:20,33,Station_9,Station_5,14
2023-01-14,Metro,Route_6,20:40,22:08,34,Station_7,Station_14,9
2023-01-14,Bus,Route_9,16:59,17:15,41,Station_16,Station_11,15
2023-01-14,Tram,Route_6,22:08,22:58,97,Station_17,Station_1,6
2023-01-14,Tram,Route_4,18:05,18:50,96,Station_14,Station_7,0
2023-01-14,Metro,Route_10,21:50,23:46,76,Station_15,Station_10,1
2023-01-14,Train,Route_6,09:05,09:44,60,Station_6,Station_17,9
2023-01-14,Train,Route_10,12:54,14:01,65,Station_6,Station_13,10
2023-01-14,Tram,Route_3,15:09,15:42,54,Station_3,Station_7,6
2023-01-14,Bus,Route_10,07:09,09:01,1,Station_20,Station_10,0
2023-01-14,Tram,Route_10,21:25,21:36,83,Station_20,Station_3,1
2023-01-14,Train,Route_5,16:46,17:17,24,Station_17,Station_9,8
2023-01-14,Bus,Route_7,18:10,19:27,83,Station_4,Station_10,5
2023-01-14,Metro,Route_9,16:22,18:00,57,Station_1,Station_7,4
2023-01-14,Metro,Route_9,11:34,13:34,37,Station_4,Station_18,11
2023-01-14,Metro,Route_9,22:26,24:28,95,Station_19,Station_20,11
2023-01-14,Metro,Route_1,21:12,22:59,36,Station_11,Station_16,5
2023-01-14,Train,Route_6,10:46,10:59,97,Station_6,Station_2,0
2023-01-14,Metro,Route_4,14:26,14:46,39,Station_5,Station_3,15
2023-01-14,Tram,Route_1,10:53,11:29,100,Station_19,Station_12,4
2023-01-14,Train,Route_8,19:14,21:06,78,Station_8,Station_8,0
2023-01-14,Train,Route_5,17:37,18:12,85,Station_14,Station_15,6
2023-01-14,Train,Route_4,09:14,10:05,77,Station_15,Station_4,2
2023-01-14,Train,Route_3,19:06,21:19,27,Station_3,Station_6,15
2023-01-14,Tram,Route_2,14:30,15:38,50,Station_1,Station_17,2
2023-01-14,Bus,Route_6,03:07,04:15,18,Station_11,Station_18,3
2023-01-14,Metro,Route_10,05:03,06:32,99,Station_13,Station_9,3
2023-01-14,Metro,Route_9,13:30,15:01,63,Station_4,Station_1,5
2023-01-14,Metro,Route_3,16:33,18:13,53,Station_7,Station_20,1
2023-01-14,Metro,Route_9,16:31,18:13,6,Station_8,Station_12,0
2023-01-14,Metro,Route_3,06:43,07:43,28,Station_16,Station_1,3
2023-01-15,Train,Route_2,08:42,09:45,23,Station_15,Station_7,8
2023-01-15,Train,Route_4,15:06,16:34,1,Station_12,Station_2,15
2023-01-15,Metro,Route_10,08:19,09:36,18,Station_20,Station_9,8
2023-01-15,Tram,Route_9,08:58,09:01,44,Station_4,Station_15,2
2023-01-15,Bus,Route_7,09:40,10:28,26,Station_16,Station_9,6
2023-01-15,Bus,Route_10,13:54,15:23,89,Station_8,Station_7,2
2023-01-15,Metro,Route_7,08:02,09:43,31,Station_19,Station_4,2
2023-01-15,Metro,Route_3,13:00,14:33,84,Station_14,Station_2,3
2023-01-15,Tram,Route_3,22:54,23:28,30,Station_7,Station_14,9
2023-01-15,Tram,Route_2,19:00,21:03,79,Station_4,Station_8,5
2023-01-15,Train,Route_1,11:53,13:32,4,Station_8,Station_1,5
2023-01-15,Tram,Route_6,09:15,11:13,30,Station_16,Station_20,9
2023-01-15,Bus,Route_4,07:28,07:59,56,Station_18,Station_15,12
2023-01-15,Tram,Route_2,07:28,08:11,41,Station_11,Station_11,6
2023-01-15,Train,Route_7,07:19,08:16,7,Station_7,Station_1,0
2023-01-15,Train,Route_8,16:44,17:13,79,Station_9,Station_13,0
2023-01-15,Metro,Route_7,12:08,12:24,8,Station_7,Station_9,11
2023-01-15,Metro,Route_7,16:09,17:22,95,Station_3,Station_9,10
2023-01-15,Tram,Route_2,15:09,16:01,94,Station_3,Station_7,13
2023-01-15,Train,Route_1,08:05,09:21,1,Station_12,Station_6,6
2023-01-15,Tram,Route_10,05:47,06:35,18,Station_15,Station_15,9
2023-01-15,Train,Route_10,12:04,13:27,36,Station_2,Station_6,13
2023-01-15,Tram,Route_3,14:56,16:27,1,Station_19,Station_16,8
2023-01-15,Bus,Route_8,10:10,11:52,6,Station_19,Station_7,10
2023-01-15,Metro,Route_3,07:12,08:17,86,Station_7,Station_8,4
2023-01-15,Metro,Route_6,09:37,10:51,76,Station_19,Station_6,14
2023-01-15,Train,Route_9,10:18,11:46,45,Station_11,Station_14,1
2023-01-15,Metro,Route_10,14:23,14:50,3,Station_16,Station_11,4
2023-01-15,Metro,Route_1,14:46,15:54,11,Station_20,Station_4,8
2023-01-15,Bus,Route_1,07:01,08:57,65,Station_12,Station_5,15
2023-01-15,Metro,Route_10,09:37,11:35,47,Station_18,Station_14,13
2023-01-15,Bus,Route_5,03:33,04:56,15,Station_5,Station_1,7
2023-01-16,Bus,Route_5,07:35,08:30,69,Station_4,Station_2,3
2023-01-16,Train,Route_4,11:21,11:41,64,Station_20,Station_2,3
2023-01-16,Metro,Route_8,10:20,11:55,21,Station_4,Station_6,8
2023-01-16,Bus,Route_6,17:15,18:46,38,Station_18,Station_7,12
2023-01-16,Train,Route_3,22:05,23:32,74,Station_13,Station_19,5
2023-01-16,Bus,Route_2,19:29,20:12,54,Station_15,Station_5,0
2023-01-16,Bus,Route_9,07:14,07:38,73,Station_4,Station_7,6
2023-01-16,Tram,Route_6,20:44,21:37,42,Station_18,Station_11,1
2023-01-16,Metro,Route_6,19:17,19:48,61,Station_11,Station_13,15
2023-01-16,Metro,Route_9,20:46,21:30,2,Station_8,Station_9,8
2023-01-16,Train,Route_10,17:42,18:15,2,Station_16,Station_11,15
2023-01-16,Train,Route_5,22:07,24:06,85,Station_1,Station_6,7
2023-01-16,Bus,Route_8,13:58,15:12,84,Station_2,Station_1,5
2023-01-16,Bus,Route_8,07:41,09:03,80,Station_5,Station_7,14
2023-01-16,Train,Route_4,20:52,21:36,88,Station_4,Station_4,1
2023-01-16,Metro,Route_7,14:38,15:07,81,Station_14,Station_10,13
2023-01-16,Train,Route_1,05:38,06:35,67,Station_2,Station_3,9
2023-01-16,Metro,Route_10,06:44,08:05,46,Station_10,Station_12,5
2023-01-16,Bus,Route_10,13:51,14:37,10,Station_17,Station_9,4
2023-01-16,Bus,Route_9,16:19,17:41,5,Station_14,Station_8,15
2023-01-16,Metro,Route_6,20:51,21:31,78,Station_10,Station_6,10
2023-01-16,Tram,Route_5,13:39,15:31,27,Station_6,Station_20,11
2023-01-16,Train,Route_10,16:28,17:07,35,Station_7,Station_5,5
2023-01-16,Bus,Route_5,08:10,09:11,86,Station_2,Station_16,7
2023-01-16,Tram,Route_3,18:57,20:02,84,Station_15,Station_8,4
2023-01-16,Train,Route_7,05:10,05:49,8,Station_18,Station_6,12
2023-01-16,Tram,Route_10,08:45,09:08,46,Station_18,Station_19,0
2023-01-16,Tram,Route_6,05:49,06:06,81,Station_4,Station_5,14
2023-01-16,Train,Route_3,16:32,17:07,44,Station_12,Station_13,9
2023-01-16,Train,Route_7,15:39,17:18,82,Station_10,Station_18,11
2023-01-16,Metro,Route_3,08:57,09:38,10,Station_15,Station_17,6
2023-01-16,Metro,Route_6,09:30,09:55,22,Station_18,Station_4,2
2023-01-17,Bus,Route_10,05:46,06:59,76,Station_13,Station_5,53
2023-01-17,Tram,Route_1,09:16,10:52,70,Station_5,Station_5,26
2023-01-17,Metro,Route_1,12:49,15:30,72,Station_17,Station_8,74
2023-01-17,Metro,Route_2,15:19,16:48,15,Station_16,Station_20,27
2023-01-17,Tram,Route_6,13:35,14:31,71,Station_14,Station_7,32
2023-01-17,Bus,Route_8,06:14,07:39,94,Station_11,Station_16,37
2023-01-17,Tram,Route_3,21:13,21:57,37,Station_2,Station_6,25
2023-01-17,Metro,Route_9,06:37,08:34,33,Station_15,Station_5,25
2023-01-17,Train,Route_5,15:00,17:28,36,Station_8,Station_8,36
2023-01-17,Train,Route_7,13:35,16:03,62,Station_17,Station_1,59
2023-01-17,Tram,Route_5,06:58,07:46,40,Station_10,Station_4,35
2023-01-17,Metro,Route_3,16:00,17:45,93,Station_9,Station_2,51
2023-01-17,Train,Route_1,10:44,11:35,74,Station_2,Station_11,34
2023-01-17,Train,Route_5,09:27,10:10,15,Station_11,Station_4,38
2023-01-17,Train,Route_1,08:36,10:23,63,Station_8,Station_2,49
2023-01-17,Bus,Route_9,15:09,16:43,36,Station_15,Station_8,24
2023-01-17,Train,Route_8,14:07,16:26,34,Station_12,Station_13,59
2023-01-17,Train,Route_2,10:16,11:38,11,Station_10,Station_18,35
2023-01-17,Bus,Route_6,20:59,23:44,67,Station_5,Station_13,47
2023-01-17,Metro,Route_8,15:57,18:08,94,Station_2,Station_5,52
2023-01-17,Bus,Route_2,11:04,13:42,44,Station_17,Station_2,53
2023-01-17,Bus,Route_3,07:11,08:52,77,Station_15,Station_4,52
2023-01-17,Train,Route_10,19:12,19:37,91,Station_11,Station_7,15
2023-01-17,Bus,Route_10,07:07,08:51,77,Station_6,Station_7,55
2023-01-17,Metro,Route_6,16:05,18:28,20,Station_17,Station_4,67
2023-01-17,Tram,Route_10,06:20,09:10,7,Station_17,Station_2,61
2023-01-17,Tram,Route_2,07:36,09:00,54,Station_14,Station_9,25
2023-01-17,Tram,Route_4,18:42,20:44,88,Station_14,Station_3,46
2023-01-17,Tram,Route_8,15:45,17:52,56,Station_19,Station_2,16
2023-01-17,Tram,Route_8,21:15,22:19,58,Station_15,Station_10,19
2023-01-17,Tram,Route_10,17:18,18:08,92,Station_14,Station_2,27
2023-01-17,Tram,Route_1,13:38,16:11,17,Station_10,Station_10,46
2023-01-18,Train,Route_10,14:03,14:54,8,Station_3,Station_8,36
2023-01-18,Train,Route_1,15:30,16:49,95,Station_2,Station_5,44
2023-01-18,Bus,Route_8,10:33,11:47,89,Station_13,Station_11,38
2023-01-18,Tram,Route_7,18:42,20:29,23,Station_9,Station_19,75
2023-01-18,Tram,Route_3,07:36,08:27,83,Station_11,Station_3,20
2023-01-18,Metro,Route_10,05:38,08:08,72,Station_4,Station_6,57
2023-01-18,Bus,Route_7,17:26,18:48,75,Station_6,Station_19,59
2023-01-18,Bus,Route_10,18:20,21:01,38,Station_4,Station_3,47
2023-01-18,Train,Route_2,09:02,11:54,1,Station_17,Station_9,56
2023-01-18,Train,Route_8,20:07,22:44,17,Station_3,Station_3,53
2023-01-18,Train,Route_9,11:27,12:54,88,Station_12,Station_20,41
2023-01-18,Train,Route_5,20:31,21:47,10,Station_7,Station_7,62
2023-01-18,Metro,Route_6,17:39,20:12,6,Station_11,Station_7,42
2023-01-18,Train,Route_5,14:32,16:20,84,Station_5,Station_13,33
2023-01-18,Tram,Route_6,22:27,24:37,97,Station_14,Station_16,20
2023-01-18,Train,Route_1,06:48,09:03,8,Station_15,Station_1,30
2023-01-18,Tram,Route_5,21:59,23:58,8,Station_12,Station_15,22
2023-01-18,Metro,Route_8,14:42,15:49,22,Station_12,Station_17,45
2023-01-18,Bus,Route_2,11:48,12:28,11,Station_10,Station_8,18
2023-01-18,Train,Route_9,08:36,10:44,69,Station_18,Station_10,40
2023-01-18,Bus,Route_9,09:31,11:54,62,Station_18,Station_19,56
2023-01-18,Tram,Route_5,07:57,10:16,19,Station_19,Station_8,44
2023-01-18,Train,Route_7,16:06,17:47,17,Station_16,Station_19,25
2023-01-18,Tram,Route_8,17:15,18:21,44,Station_2,Station_8,12
2023-01-18,Train,Route_6,08:03,09:22,40,Station_4,Station_12,53
2023-01-18,Metro,Route_6,07:00,08:32,25,Station_8,Station_9,23
2023-01-18,Metro,Route_7,06:33,08:42,22,Station_14,Station_7,23
2023-01-18,Train,Route_1,20:34,21:40,8,Station_10,Station_4,52
2023-01-18,Tram,Route_3,22:59,24:21,29,Station_18,Station_9,29
2023-01-18,Train,Route_8,05:51,07:33,57,Station_13,Station_15,56
2023-01-18,Metro,Route_7,08:57,10:44,89,Station_5,Station_16,44
2023-01-18,Metro,Route_9,07:37,08:49,91,Station_5,Station_7,26
2023-01-19,Tram,Route_1,11:12,11:54,91,Station_17,Station_5,15
2023-01-19,Tram,Route_2,08:11,09:21,32,Station_8,Station_3,11
2023-01-19,Train,Route_1,10:14,12:28,34,Station_2,Station_9,15
2023-01-19,Bus,Route_4,06:19,07:33,93,Station_2,Station_8,13
2023-01-19,Tram,Route_3,13:06,14:38,44,Station_11,Station_18,11
2023-01-19,Bus,Route_9,08:26,08:52,4,Station_19,Station_13,8
2023-01-19,Bus,Route_8,08:55,10:49,30,Station_19,Station_19,0
2023-01-19,Train,Route_7,08:32,09:16,73,Station_7,Station_16,6
2023-01-19,Tram,Route_4,22:05,22:50,38,Station_6,Station_5,7
2023-01-19,Bus,Route_7,10:47,11:36,30,Station_19,Station_9,6
2023-01-19,Tram,Route_2,15:47,16:45,10,Station_1,Station_18,1
2023-01-19,Metro,Route_7,06:54,07:45,52,Station_8,Station_15,8
2023-01-19,Tram,Route_6,14:39,16:25,3,Station_10,Station_10,0
2023-01-19,Bus,Route_8,07:28,07:40,63,Station_20,Station_3,8
2023-01-19,Metro,Route_3,09:53,10:33,90,Station_6,Station_12,13
2023-01-19,Metro,Route_3,20:54,22:20,15,Station_6,Station_16,14
2023-01-19,Tram,Route_10,14:20,15:36,87,Station_19,Station_15,0
2023-01-19,Tram,Route_10,17:35,19:06,80,Station_9,Station_16,11
2023-01-19,Train,Route_1,08:52,10:52,68,Station_18,Station_17,11
2023-01-19,Metro,Route_4,19:50,20:37,94,Station_6,Station_20,3
2023-01-19,Train,Route_5,05:12,06:08,16,Station_12,Station_1,7
2023-01-19,Bus,Route_3,21:02,22:20,98,Station_5,Station_16,14
2023-01-19,Metro,Route_9,20:06,22:06,23,Station_15,Station_9,13
2023-01-19,Train,Route_1,14:53,16:22,60,Station_7,Station_2,10
2023-01-19,Train,Route_3,09:29,11:19,40,Station_10,Station_3,15
2023-01-19,Metro,Route_5,17:00,18:47,84,Station_1,Station_15,9
2023-01-19,Tram,Route_10,12:29,14:07,80,Station_14,Station_15,13
2023-01-19,Metro,Route_4,22:03,22:44,3,Station_6,Station_16,2
2023-01-19,Train,Route_5,13:28,13:55,30,Station_13,Station_5,1
2023-01-19,Tram,Route_9,18:39,19:39,12,Station_10,Station_10,10
2023-01-19,Tram,Route_3,16:19,17:13,1,Station_12,Station_14,8
2023-01-19,Train,Route_2,12:45,13:53,35,Station_11,Station_6,9
2023-01-20,Bus,Route_3,12:52,13:09,52,Station_14,Station_15,15
2023-01-20,Metro,Route_5,07:14,08:57,22,Station_19,Station_3,5
2023-01-20,Metro,Route_3,13:12,14:43,44,Station_3,Station_7,12
2023-01-20,Tram,Route_1,13:36,15:31,57,Station_12,Station_13,15
2023-01-20,Bus,Route_2,15:52,17:43,3,Station_8,Station_8,13
2023-01-20,Bus,Route_7,19:23,21:14,1,Station_3,Station_13,15
2023-01-20,Metro,Route_2,09:17,09:46,58,Station_14,Station_8,14
2023-01-20,Tram,Route_6,11:56,13:50,6,Station_19,Station_19,12
2023-01-20,Tram,Route_2,06:05,07:33,29,Station_15,Station_13,9
2023-01-20,Tram,Route_4,13:40,15:07,34,Station_16,Station_17,12
2023-01-20,Metro,Route_2,07:21,08:48,57,Station_6,Station_19,3
2023-01-20,Bus,Route_2,18:34,20:22,73,Station_1,Station_11,13
2023-01-20,Train,Route_4,13:11,14:54,76,Station_11,Station_15,15
2023-01-20,Metro,Route_6,16:57,17:32,51,Station_16,Station_15,7
2023-01-20,Tram,Route_7,08:22,09:56,14,Station_19,Station_11,13
2023-01-20,Bus,Route_7,16:11,18:13,96,Station_6,Station_3,5
2023-01-20,Train,Route_10,21:13,21:22,9,Station_3,Station_8,5
2023-01-20,Tram,Route_10,10:54,12:28,76,Station_4,Station_5,1
2023-01-20,Tram,Route_9,14:52,15:43,92,Station_20,Station_5,8
2023-01-20,Bus,Route_5,12:49,13:36,6,Station_9,Station_3,3
2023-01-20,Metro,Route_8,19:36,20:19,68,Station_6,Station_8,7
2023-01-20,Bus,Route_9,11:45,12:40,49,Station_10,Station_11,15
2023-01-20,Tram,Route_4,10:18,11:15,39,Station_19,Station_8,3
2023-01-20,Train,Route_5,13:26,15:20,35,Station_3,Station_9,14
2023-01-20,Metro,Route_3,18:30,20:04,3,Station_4,Station_16,14
2023-01-20,Tram,Route_7,18:02,18:43,18,Station_19,Station_14,7
2023-01-20,Metro,Route_9,13:42,14:35,80,Station_9,Station_6,12
2023-01-20,Bus,Route_7,07:31,09:09,29,Station_15,Station_14,12
2023-01-20,Metro,Route_4,07:44,07:51,51,Station_10,Station_3,5
2023-01-20,Train,Route_9,06:08,07:32,13,Station_1,Station_10,10
2023-01-20,Train,Route_3,14:23,14:56,41,Station_7,Station_10,0
2023-01-20,Tram,Route_3,10:07,10:16,47,Station_16,Station_5,4
2023-01-21,Metro,Route_7,21:39,22:16,94,Station_6,Station_3,14
2023-01-21,Train,Route_8,19:05,20:30,30,Station_2,Station_11,12
2023-01-21,Tram,Route_5,08:05,09:39,73,Station_15,Station_4,9
2023-01-21,Train,Route_5,08:19,10:04,53,Station_13,Station_14,13
2023-01-21,Metro,Route_1,13:17,14:53,37,Station_12,Station_1,12
2023-01-21,Tram,Route_9,11:16,12:04,100,Station_6,Station_17,15
2023-01-21,Tram,Route_2,05:43,07:42,18,Station_7,Station_2,11
2023-01-21,Bus,Route_10,16:07,16:52,80,Station_13,Station_2,11
2023-01-21,Tram,Route_4,21:21,22:20,77,Station_15,Station_1,2
2023-01-21,Tram,Route_7,07:18,07:42,91,Station_19,Station_11,5
2023-01-21,Train,Route_1,09:03,09:25,95,Station_5,Station_18,0
2023-01-21,Train,Route_9,07:38,09:41,91,Station_14,Station_8,5
2023-01-21,Train,Route_4,14:19,14:37,15,Station_8,Station_17,5
2023-01-21,Metro,Route_7,22:55,24:38,11,Station_11,Station_13,6
2023-01-21,Metro,Route_8,10:31,12:42,69,Station_5,Station_4,13
2023-01-21,Metro,Route_10,09:15,10:35,5,Station_15,Station_12,7
2023-01-21,Train,Route_6,15:46,16:06,54,Station_13,Station_17,7
2023-01-21,Bus,Route_2,07:08,08:53,6,Station_9,Station_9,11
2023-01-21,Tram,Route_4,22:17,22:55,78,Station_14,Station_12,7
2023-01-21,Tram,Route_2,20:17,21:01,46,Station_11,Station_20,2
2023-01-21,Train,Route_8,18:30,20:12,39,Station_15,Station_7,3
2023-01-21,Train,Route_4,18:55,20:19,24,Station_16,Station_13,15
2023-01-21,Bus,Route_2,14:13,14:58,91,Station_8,Station_2,6
2023-01-21,Metro,Route_5,16:33,17:34,98,Station_18,Station_12,11
2023-01-21,Metro,Route_10,11:55,13:25,54,Station_17,Station_8,11
2023-01-21,Bus,Route_9,14:28,14:57,62,Station_6,Station_13,13
2023-01-21,Metro,Route_10,07:18,07:22,87,Station_11,Station_13,2
2023-01-21,Tram,Route_3,11:28,12:29,79,Station_12,Station_9,4
2023-01-21,Bus,Route_5,10:48,12:47,55,Station_4,Station_11,10
2023-01-21,Bus,Route_4,13:48,15:04,90,Station_8,Station_18,11
2023-01-21,Bus,Route_9,03:34,05:25,44,Station_2,Station_20,9
2023-01-21,Bus,Route_10,20:45,21:18,21,Station_20,Station_4,14
2023-01-22,Bus,Route_2,16:57,18:54,79,Station_2,Station_4,2
2023-01-22,Bus,Route_10,18:03,19:33,36,Station_15,Station_5,4
2023-01-22,Metro,Route_4,21:00,22:25,52,Station_2,Station_11,8
2023-01-22,Tram,Route_5,05:39,07:44,4,Station_19,Station_15,6
2023-01-22,Bus,Route_8,14:45,16:36,47,Station_10,Station_4,7
2023-01-22,Bus,Route_4,08:08,09:04,59,Station_5,Station_3,6
2023-01-22,Metro,Route_4,22:21,23:51,45,Station_14,Station_20,6
2023-01-22,Metro,Route_7,11:30,12:09,54,Station_12,Station_3,7
2023-01-22,Train,Route_7,11:34,13:42,69,Station_15,Station_19,12
2023-01-22,Train,Route_6,05:23,07:21,55,Station_2,Station_12,9
2023-01-22,Metro,Route_10,20:07,21:44,25,Station_17,Station_19,2
2023-01-22,Train,Route_4,12:38,13:24,27,Station_3,Station_18,4
2023-01-22,Metro,Route_2,13:15,13:28,79,Station_16,Station_20,12
2023-01-22,Train,Route_1,19:47,20:52,3,Station_11,Station_18,14
2023-01-22,Train,Route_8,09:09,10:36,57,Station_16,Station_8,8
2023-01-22,Metro,Route_1,14:20,14:53,82,Station_19,Station_2,0
2023-01-22,Tram,Route_9,21:28,23:23,77,Station_3,Station_18,10
2023-01-22,Tram,Route_9,15:56,16:54,46,Station_1,Station_5,3
2023-01-22,Metro,Route_9,16:22,17:37,95,Station_19,Station_18,2
2023-01-22,Tram,Route_9,16:35,17:36,70,Station_19,Station_13,4
2023-01-22,Bus,Route_8,12:02,12:28,29,Station_7,Station_15,11
2023-01-22,Bus,Route_2,15:56,16:42,39,Station_11,Station_6,15
2023-01-22,Tram,Route_4,10:15,11:01,51,Station_7,Station_18,13
2023-01-22,Bus,Route_2,09:13,09:54,61,Station_15,Station_16,15
2023-01-22,Train,Route_10,21:29,23:32,41,Station_17,Station_1,7
2023-01-22,Train,Route_10,05:10,06:42,2,Station_2,Station_10,1
2023-01-22,Train,Route_1,09:56,11:42,57,Station_9,Station_4,15
2023-01-22,Metro,Route_3,15:29,16:13,3,Station_17,Station_10,6
2023-01-22,Metro,Route_3,14:29,14:54,14,Station_6,Station_19,15
2023-01-22,Tram,Route_7,18:55,19:06,63,Station_13,Station_16,9
2023-01-22,Metro,Route_3,21:52,22:08,9,Station_15,Station_8,6
2023-01-22,Metro,Route_6,18:13,18:55,75,Station_18,Station_1,8
2023-01-23,Metro,Route_10,21:46,22:07,80,Station_4,Station_17,11
2023-01-23,Metro,Route_9,08:37,08:45,60,Station_11,Station_6,7
2023-01-23,Tram,Route_8,19:51,21:54,19,Station_20,Station_19,11
2023-01-23,Tram,Route_6,09:08,09:52,34,Station_11,Station_18,9
2023-01-23,Train,Route_2,14:57,16:25,44,Station_2,Station_13,1
2023-01-23,Bus,Route_2,06:35,08:34,75,Station_8,Station_17,9
2023-01-23,Metro,Route_4,08:39,10:38,39,Station_7,Station_9,15
2023-01-23,Tram,Route_8,09:20,09:47,82,Station_9,Station_14,5
2023-01-23,Tram,Route_2,11:30,12:18,78,Station_6,Station_18,7
2023-01-23,Tram,Route_6,21:36,21:59,74,Station_8,Station_4,1
2023-01-23,Tram,Route_1,18:56,19:36,26,Station_4,Station_16,12
2023-01-23,Bus,Route_2,10:06,11:54,81,Station_1,Station_12,11
2023-01-23,Bus,Route_2,21:35,23:03,62,Station_5,Station_4,7
2023-01-23,Bus,Route_10,18:19,19:10,30,Station_11,Station_11,7
2023-01-23,Train,Route_3,22:58,24:48,10,Station_7,Station_11,15
2023-01-23,Bus,Route_9,21:29,22:27,95,Station_15,Station_3,3
2023-01-23,Tram,Route_7,17:16,17:51,91,Station_2,Station_10,1
2023-01-23,Tram,Route_4,09:53,10:01,69,Station_5,Station_17,5
2023-01-23,Bus,Route_5,09:51,11:55,97,Station_1,Station_19,6
2023-01-23,Metro,Route_7,07:14,07:23,40,Station_19,Station_20,5
2023-01-23,Train,Route_7,18:42,18:54,64,Station_19,Station_20,0
2023-01-23,Tram,Route_7,21:06,22:10,5,Station_16,Station_6,14
2023-01-23,Train,Route_1,14:59,16:55,78,Station_9,Station_3,9
2023-01-23,Bus,Route_9,14:10,15:18,90,Station_14,Station_20,7
2023-01-23,Tram,Route_1,22:09,22:23,90,Station_11,Station_9,4
2023-01-23,Metro,Route_9,22:19,22:45,19,Station_11,Station_1,5
2023-01-23,Metro,Route_1,20:03,21:55,44,Station_9,Station_11,4
2023-01-23,Tram,Route_10,21:12,23:16,26,Station_17,Station_13,4
2023-01-23,Tram,Route_7,05:14,05:59,65,Station_20,Station_12,1
2023-01-23,Bus,Route_7,12:25,13:01,54,Station_4,Station_3,5
2023-01-23,Tram,Route_7,13:32,14:23,64,Station_20,Station_20,9
2023-01-23,Metro,Route_4,05:08,06:39,55,Station_7,Station_3,7
2023-01-24,Train,Route_5,13:57,14:29,1,Station_4,Station_6,3
2023-01-24,Bus,Route_5,21:38,22:04,42,Station_17,Station_10,15
2023-01-24,Metro,Route_6,21:10,22:29,65,Station_9,Station_14,13
2023-01-24,Tram,Route_1,11:28,12:49,33,Station_9,Station_11,7
2023-01-24,Bus,Route_10,20:48,22:22,29,Station_16,Station_13,6
2023-01-24,Train,Route_2,11:59,12:28,12,Station_20,Station_9,6
2023-01-24,Metro,Route_7,15:16,16:18,22,Station_2,Station_16,3
2023-01-24,Tram,Route_5,09:40,11:33,64,Station_2,Station_7,9
2023-01-24,Metro,Route_5,07:47,09:18,47,Station_20,Station_1,3
2023-01-24,Train,Route_6,07:58,08:13,7,Station_8,Station_7,11
2023-01-24,Bus,Route_9,08:07,09:54,25,Station_19,Station_11,1
2023-01-24,Tram,Route_1,21:01,22:15,87,Station_8,Station_16,6
2023-01-24,Train,Route_8,09:46,11:25,16,Station_16,Station_7,14
2023-01-24,Tram,Route_10,18:28,19:34,64,Station_19,Station_6,10
2023-01-24,Tram,Route_10,13:26,14:58,24,Station_5,Station_14,5
2023-01-24,Metro,Route_9,10:41,11:57,24,Station_20,Station_16,0
2023-01-24,Bus,Route_6,16:14,17:32,31,Station_12,Station_12,9
2023-01-24,Tram,Route_9,15:18,16:26,79,Station_19,Station_2,0
2023-01-24,Metro,Route_6,08:52,09:28,42,Station_5,Station_9,10
2023-01-24,Metro,Route_8,16:24,17:33,42,Station_2,Station_18,4
2023-01-24,Metro,Route_10,06:32,07:34,60,Station_19,Station_3,12
2023-01-24,Train,Route_2,07:23,09:19,79,Station_2,Station_10,1
2023-01-24,Tram,Route_2,14:51,16:55,63,Station_10,Station_7,6
2023-01-24,Tram,Route_5,18:45,19:34,68,Station_8,Station_18,1
2023-01-24,Tram,Route_3,10:57,12:49,36,Station_20,Station_6,10
2023-01-24,Tram,Route_6,14:52,16:10,97,Station_2,Station_10,4
2023-01-24,Train,Route_3,06:29,08:07,33,Station_10,Station_2,5
2023-01-24,Train,Route_3,15:37,16:30,5,Station_14,Station_17,5
2023-01-24,Tram,Route_3,19:33,21:23,93,Station_6,Station_9,8
2023-01-24,Metro,Route_2,12:01,13:59,91,Station_4,Station_19,15
2023-01-24,Bus,Route_5,06:40,06:41,59,Station_2,Station_2,0
2023-01-24,Train,Route_7,20:32,21:15,47,Station_4,Station_18,15
2023-01-25,Train,Route_8,06:34,07:34,7,Station_2,Station_14,11
2023-01-25,Metro,Route_9,06:23,07:47,62,Station_4,Station_4,14
2023-01-25,Bus,Route_5,05:11,06:34,47,Station_15,Station_7,1
2023-01-25,Tram,Route_9,20:31,20:57,37,Station_20,Station_17,14
2023-01-25,Bus,Route_6,12:22,12:45,75,Station_18,Station_4,3
2023-01-25,Tram,Route_1,17:28,17:47,5,Station_18,Station_15,14
2023-01-25,Bus,Route_7,12:27,13:57,47,Station_5,Station_11,15
2023-01-25,Bus,Route_4,13:19,14:15,99,Station_18,Station_16,0
2023-01-25,Bus,Route_7,05:48,06:33,70,Station_3,Station_19,1
2023-01-25,Train,Route_9,14:07,14:38,20,Station_13,Station_20,7
2023-01-25,Train,Route_4,20:06,21:29,39,Station_14,Station_19,0
2023-01-25,Bus,Route_4,11:13,12:01,40,Station_1,Station_6,0
2023-01-25,Train,Route_1,06:14,07:29,25,Station_18,Station_1,1
2023-01-25,Bus,Route_10,14:43,16:47,33,Station_15,Station_17,15
2023-01-25,Bus,Route_8,15:07,16:45,24,Station_4,Station_11,12
2023-01-25,Bus,Route_2,18:45,19:01,77,Station_8,Station_4,2
2023-01-25,Train,Route_9,13:58,14:47,85,Station_16,Station_14,11
2023-01-25,Tram,Route_6,05:00,05:50,92,Station_4,Station_11,11
2023-01-25,Metro,Route_6,14:47,15:57,26,Station_9,Station_17,2
2023-01-25,Metro,Route_2,22:50,24:02,70,Station_12,Station_9,14
2023-01-25,Train,Route_4,19:52,20:15,9,Station_20,Station_11,5
2023-01-25,Train,Route_6,22:27,24:27,57,Station_9,Station_9,0
2023-01-25,Tram,Route_2,07:53,08:26,42,Station_4,Station_15,11
2023-01-25,Bus,Route_3,10:49,11:17,80,Station_6,Station_9,15
2023-01-25,Metro,Route_9,10:11,10:30,31,Station_20,Station_5,9
2023-01-25,Metro,Route_10,20:34,20:41,2,Station_14,Station_5,3
2023-01-25,Bus,Route_4,12:08,12:48,11,Station_20,Station_15,1
2023-01-25,Train,Route_8,21:09,21:18,32,Station_14,Station_6,4
2023-01-25,Metro,Route_9,09:03,10:28,49,Station_5,Station_7,0
2023-01-25,Tram,Route_4,09:22,11:00,71,Station_14,Station_1,7
2023-01-25,Tram,Route_10,20:22,22:02,27,Station_14,Station_17,12
2023-01-25,Bus,Route_8,21:02,22:38,32,Station_11,Station_18,0
2023-01-26,Bus,Route_7,12:36,13:32,20,Station_20,Station_8,8
2023-01-26,Train,Route_8,22:21,24:36,6,Station_13,Station_9,15
2023-01-26,Bus,Route_4,14:23,16:20,93,Station_5,Station_5,5
2023-01-26,Tram,Route_1,11:27,12:57,85,Station_12,Station_13,12
2023-01-26,Bus,Route_1,19:47,21:02,30,Station_18,Station_6,3
2023-01-26,Train,Route_4,09:27,10:33,87,Station_18,Station_19,12
2023-01-26,Tram,Route_6,08:30,09:20,90,Station_2,Station_15,15
2023-01-26,Tram,Route_6,07:02,08:18,64,Station_18,Station_10,2
2023-01-26,Tram,Route_4,10:53,11:57,80,Station_16,Station_16,6
2023-01-26,Train,Route_7,17:18,18:18,29,Station_1,Station_16,10
2023-01-26,Bus,Route_10,12:57,13:20,69,Station_18,Station_6,9
2023-01-26,Train,Route_8,22:00,22:42,38,Station_13,Station_15,5
2023-01-26,Train,Route_9,20:55,22:18,61,Station_16,Station_12,3
2023-01-26,Metro,Route_3,16:27,17:56,53,Station_11,Station_3,1
2023-01-26,Metro,Route_10,19:22,19:44,40,Station_13,Station_6,0
2023-01-26,Bus,Route_1,12:31,14:20,53,Station_2,Station_10,1
2023-01-26,Train,Route_10,16:55,17:33,42,Station_19,Station_10,5
2023-01-26,Tram,Route_8,19:58,21:16,22,Station_5,Station_9,6
2023-01-26,Tram,Route_8,12:01,12:25,83,Station_12,Station_11,1
2023-01-26,Metro,Route_10,14:40,16:42,76,Station_5,Station_10,2
2023-01-26,Tram,Route_10,21:15,22:06,26,Station_8,Station_3,3
2023-01-26,Tram,Route_5,15:04,15:22,13,Station_8,Station_16,14
2023-01-26,Bus,Route_6,12:57,14:08,79,Station_15,Station_2,15
2023-01-26,Train,Route_3,20:13,22:07,63,Station_1,Station_4,9
2023-01-26,Bus,Route_5,17:55,18:12,94,Station_5,Station_9,4
2023-01-26,Train,Route_2,06:00,08:05,89,Station_8,Station_16,14
2023-01-26,Tram,Route_5,20:53,21:00,25,Station_11,Station_14,3
2023-01-26,Metro,Route_4,16:03,16:32,12,Station_1,Station_15,1
2023-01-26,Train,Route_2,08:55,10:50,94,Station_17,Station_17,1
2023-01-26,Bus,Route_5,09:26,10:19,5,Station_10,Station_5,15
2023-01-26,Bus,Route_9,17:00,18:56,62,Station_3,Station_2,5
2023-01-26,Bus,Route_7,11:42,12:10,78,Station_10,Station_4,0
2023-01-27,Bus,Route_1,15:56,18:34,11,Station_3,Station_3,46
2023-01-27,Metro,Route_9,14:30,15:09,92,Station_10,Station_12,17
2023-01-27,Tram,Route_9,17:35,18:46,17,Station_16,Station_20,51
2023-01-27,Bus,Route_10,03:07,05:53,63,Station_1,Station_11,47
2023-01-27,Bus,Route_9,06:17,07:54,75,Station_3,Station_14,66
2023-01-27,Train,Route_4,19:53,22:29,47,Station_7,Station_15,57
2023-01-27,Tram,Route_5,06:44,08:20,25,Station_10,Station_5,21
2023-01-27,Metro,Route_8,15:46,17:07,50,Station_15,Station_12,50
2023-01-27,Bus,Route_4,16:50,18:12,18,Station_7,Station_8,40
2023-01-27,Tram,Route_10,10:06,11:39,59,Station_19,Station_5,53
2023-01-27,Bus,Route_8,10:25,12:14,32,Station_13,Station_15,42
2023-01-27,Train,Route_9,21:30,23:31,99,Station_8,Station_7,44
2023-01-27,Tram,Route_8,21:00,22:40,7,Station_12,Station_9,44
2023-01-27,Tram,Route_8,11:49,14:01,52,Station_15,Station_8,55
2023-01-27,Train,Route_1,05:28,07:33,27,Station_2,Station_12,58
2023-01-27,Metro,Route_1,16:31,18:23,80,Station_14,Station_5,41
2023-01-27,Tram,Route_6,09:43,10:44,75,Station_18,Station_6,56
2023-01-27,Bus,Route_7,17:26,18:12,21,Station_4,Station_8,32
2023-01-27,Bus,Route_7,13:26,15:55,36,Station_17,Station_20,33
2023-01-27,Tram,Route_2,11:37,12:57,55,Station_19,Station_1,30
2023-01-27,Metro,Route_10,20:16,22:27,34,Station_16,Station_14,69
2023-01-27,Train,Route_3,20:52,22:51,15,Station_1,Station_1,65
2023-01-27,Bus,Route_1,13:42,15:48,39,Station_3,Station_4,25
2023-01-27,Tram,Route_3,10:31,12:32,36,Station_9,Station_10,14
2023-01-27,Bus,Route_2,09:51,11:26,17,Station_12,Station_17,38
2023-01-27,Metro,Route_4,22:41,23:34,88,Station_12,Station_10,39
2023-01-27,Metro,Route_4,21:45,24:13,53,Station_1,Station_9,48
2023-01-27,Bus,Route_8,12:32,14:10,47,Station_2,Station_17,28
2023-01-27,Bus,Route_8,21:44,23:12,24,Station_10,Station_18,29
2023-01-27,Bus,Route_2,17:51,19:20,34,Station_8,Station_1,20
2023-01-27,Tram,Route_9,07:42,10:04,84,Station_4,Station_5,37
2023-01-27,Metro,Route_5,05:36,07:09,49,Station_2,Station_8,43
2023-01-28,Metro,Route_1,18:41,19:15,71,Station_7,Station_7,13
2023-01-28,Bus,Route_4,07:35,08:08,60,Station_11,Station_11,14
2023-01-28,Bus,Route_8,20:07,21:01,22,Station_1,Station_1,9
2023-01-28,Bus,Route_2,09:29,11:26,7,Station_13,Station_7,2
2023-01-28,Train,Route_8,22:37,23:13,88,Station_20,Station_16,3
2023-01-28,Train,Route_6,13:48,15:26,20,Station_4,Station_2,5
2023-01-28,Metro,Route_1,11:53,14:02,79,Station_15,Station_17,9
2023-01-28,Train,Route_5,12:58,14:02,43,Station_11,Station_6,7
2023-01-28,Bus,Route_8,09:51,10:09,9,Station_16,Station_8,5
2023-01-28,Tram,Route_9,18:48,20:20,64,Station_16,Station_5,1
2023-01-28,Tram,Route_7,07:30,09:22,56,Station_13,Station_1,12
2023-01-28,Train,Route_4,21:29,23:23,80,Station_20,Station_20,10
2023-01-28,Train,Route_2,05:30,07:31,30,Station_20,Station_18,10
2023-01-28,Train,Route_6,08:04,08:25,87,Station_12,Station_19,11
2023-01-28,Metro,Route_6,22:50,24:08,84,Station_6,Station_20,8
2023-01-28,Tram,Route_6,14:38,15:18,29,Station_13,Station_2,10
2023-01-28,Metro,Route_3,17:01,18:32,87,Station_16,Station_19,5
2023-01-28,Metro,Route_1,13:33,14:31,72,Station_12,Station_20,7
2023-01-28,Train,Route_5,17:06,17:28,22,Station_13,Station_19,1
2023-01-28,Train,Route_7,13:04,15:09,57,Station_20,Station_18,7
2023-01-28,Metro,Route_10,18:47,19:48,6,Station_3,Station_5,14
2023-01-28,Tram,Route_7,06:46,07:36,33,Station_10,Station_11,6
2023-01-28,Tram,Route_1,19:56,20:15,58,Station_6,Station_4,7
2023-01-28,Tram,Route_10,22:22,22:53,85,Station_16,Station_20,4
2023-01-28,Train,Route_8,21:38,23:51,56,Station_20,Station_12,13
2023-01-28,Tram,Route_6,20:56,22:25,97,Station_13,Station_3,1
2023-01-28,Metro,Route_2,17:57,20:02,97,Station_12,Station_1,14
2023-01-28,Train,Route_2,15:08,15:30,16,Station_12,Station_18,7
2023-01-28,Metro,Route_8,10:05,10:59,31,Station_10,Station_3,14
2023-01-28,Bus,Route_10,06:37,07:40,98,Station_18,Station_5,5
2023-01-28,Train,Route_7,13:18,14:49,68,Station_5,Station_9,4
2023-01-28,Train,Route_8,14:58,15:55,34,Station_1,Station_4,0
2023-01-29,Train,Route_6,22:37,24:05,92,Station_13,Station_1,15
2023-01-29,Metro,Route_2,18:27,20:17,66,Station_11,Station_2,6
2023-01-29,Metro,Route_10,21:48,22:10,64,Station_20,Station_20,7
2023-01-29,Train,Route_10,17:03,17:35,53,Station_19,Station_20,11
2023-01-29,Metro,Route_8,12:11,14:04,56,Station_13,Station_9,6
2023-01-29,Train,Route_10,08:04,08:44,36,Station_10,Station_2,10
2023-01-29,Bus,Route_8,22:12,24:07,98,Station_17,Station_15,6
2023-01-29,Train,Route_3,22:37,24:11,38,Station_5,Station_14,8
2023-01-29,Tram,Route_7,12:22,14:18,33,Station_11,Station_6,11
2023-01-29,Bus,Route_2,14:38,16:11,85,Station_20,Station_20,2
2023-01-29,Tram,Route_3,06:35,08:16,78,Station_5,Station_1,2
2023-01-29,Tram,Route_2,16:11,17:13,43,Station_16,Station_12,7
2023-01-29,Metro,Route_8,09:15,09:42,57,Station_12,Station_14,13
2023-01-29,Bus,Route_7,14:18,15:16,89,Station_7,Station_13,12
2023-01-29,Tram,Route_2,06:21,07:10,43,Station_14,Station_9,11
2023-01-29,Metro,Route_2,16:17,17:34,95,Station_1,Station_16,9
2023-01-29,Tram,Route_9,22:55,24:31,25,Station_8,Station_13,4
2023-01-29,Metro,Route_3,18:53,19:59,64,Station_6,Station_13,12
2023-01-29,Tram,Route_6,14:41,16:33,96,Station_19,Station_4,4
2023-01-29,Bus,Route_10,19:30,21:00,10,Station_6,Station_15,7
2023-01-29,Metro,Route_1,17:30,18:43,4,Station_4,Station_4,9
2023-01-29,Tram,Route_9,09:59,11:43,77,Station_6,Station_2,6
2023-01-29,Tram,Route_9,13:52,15:10,22,Station_4,Station_8,13
2023-01-29,Metro,Route_2,18:47,20:04,38,Station_18,Station_12,9
2023-01-29,Train,Route_7,19:39,21:17,86,Station_6,Station_6,2
2023-01-29,Bus,Route_5,07:11,08:59,85,Station_2,Station_1,15
2023-01-29,Bus,Route_6,12:49,14:14,6,Station_4,Station_15,7
2023-01-29,Tram,Route_2,08:56,10:06,82,Station_17,Station_3,4
2023-01-29,Metro,Route_2,09:06,09:52,94,Station_2,Station_13,1
2023-01-29,Tram,Route_9,17:54,18:20,92,Station_19,Station_19,9
2023-01-29,Tram,Route_2,14:30,15:42,17,Station_5,Station_9,9
2023-01-29,Metro,Route_8,12:23,13:55,49,Station_13,Station_19,5
2023-01-30,Bus,Route_5,06:11,06:59,67,Station_12,Station_3,1
2023-01-30,Metro,Route_9,17:24,18:45,48,Station_12,Station_16,6
2023-01-30,Tram,Route_9,16:51,18:05,13,Station_11,Station_12,1
2023-01-30,Train,Route_10,13:43,15:50,3,Station_14,Station_9,8
2023-01-30,Tram,Route_7,18:13,18:56,25,Station_17,Station_15,10
2023-01-30,Metro,Route_5,07:30,07:43,90,Station_8,Station_5,11
2023-01-30,Tram,Route_1,06:30,08:14,87,Station_2,Station_13,9
2023-01-30,Train,Route_8,11:13,12:00,86,Station_6,Station_14,15
2023-01-30,Bus,Route_8,11:02,11:46,52,Station_16,Station_5,2
2023-01-30,Train,Route_1,16:22,17:29,70,Station_17,Station_6,12
2023-01-30,Train,Route_6,20:58,22:28,72,Station_2,Station_11,2
2023-01-30,Metro,Route_2,19:09,20:15,48,Station_17,Station_3,0
2023-01-30,Metro,Route_2,13:02,14:45,68,Station_6,Station_9,6
2023-01-30,Train,Route_2,16:15,16:43,36,Station_17,Station_7,7
2023-01-30,Tram,Route_2,06:28,08:16,22,Station_5,Station_12,0
2023-01-30,Tram,Route_5,08:05,10:05,20,Station_3,Station_11,5
2023-01-30,Tram,Route_3,20:10,20:52,38,Station_12,Station_2,7
2023-01-30,Tram,Route_9,20:26,21:25,54,Station_5,Station_8,15
2023-01-30,Bus,Route_6,22:27,22:46,31,Station_16,Station_9,5
2023-01-30,Metro,Route_4,15:16,17:19,43,Station_19,Station_3,5
2023-01-30,Train,Route_3,18:06,18:54,16,Station_4,Station_7,9
2023-01-30,Train,Route_4,16:28,16:58,89,Station_4,Station_3,8
2023-01-30,Train,Route_3,21:05,22:55,68,Station_15,Station_12,6
2023-01-30,Metro,Route_7,15:40,17:32,91,Station_17,Station_4,3
2023-01-30,Train,Route_3,15:42,16:02,74,Station_14,Station_3,8
2023-01-30,Train,Route_6,08:36,09:03,87,Station_18,Station_16,1
2023-01-30,Metro,Route_3,20:22,22:00,99,Station_20,Station_15,9
2023-01-30,Tram,Route_5,12:57,14:11,39,Station_17,Station_10,5
2023-01-30,Tram,Route_4,06:05,07:39,9,Station_8,Station_16,13
2023-01-30,Tram,Route_4,21:17,22:07,26,Station_3,Station_13,2
2023-01-30,Metro,Route_7,11:22,13:16,35,Station_8,Station_15,3
2023-01-30,Metro,Route_5,21:57,24:00,58,Station_3,Station_18,13
